Postcode_District,affordability
AB10,Can buy can rent
AB11,Can buy can rent
AB12,Can buy can rent
AB14,Can buy can rent
AB15,Can buy can rent
AB16,Can buy can rent
AB21,Can buy can rent
AB22,Can buy can rent
AB23,Can buy can rent
AB24,Can buy can rent
AB25,Can buy can rent
AB31,Can buy can rent
AB32,Can buy can rent
AB39,Can buy can rent
AB41,Can buy can rent
AB42,Can buy can rent
AB43,Can buy can rent
AB51,Can buy can rent
AB52,Can buy can rent
AB53,Can buy can rent
AB54,Can buy can rent
AB55,Can buy can rent
AL1,Can't buy can't rent
AL10,Can't buy can't rent
AL2,Can't buy can rent
AL3,Can't buy can't rent
AL4,Can't buy can't rent
AL5,Can't buy can't rent
AL6,Can't buy can't rent
AL7,Can't buy can rent
AL8,Can't buy can rent
AL9,Can't buy can rent
B1,Can buy can rent
B10,Can buy can rent
B11,Can buy can rent
B12,Can buy can rent
B13,Can't buy can rent
B14,Can buy can rent
B15,Can buy can rent
B16,Can buy can rent
B17,Can't buy can rent
B18,Can buy can rent
B19,Can buy can rent
B2,Can buy can rent
B20,Can't buy can rent
B21,Can buy can rent
B23,Can buy can rent
B24,Can buy can rent
B25,Can buy can rent
B26,Can buy can rent
B27,Can buy can rent
B28,Can't buy can rent
B29,Can buy can rent
B3,Can buy can rent
B30,Can't buy can rent
B31,Can buy can rent
B32,Can buy can rent
B33,Can buy can rent
B34,Can buy can rent
B35,Can buy can rent
B36,Can't buy can rent
B37,Can buy can rent
B38,Can buy can rent
B4,Can't buy can rent
B42,Can buy can rent
B43,Can buy can rent
B44,Can buy can rent
B45,Can't buy can rent
B46,Can't buy can rent
B47,Can't buy can rent
B48,Can't buy can rent
B49,Can't buy can rent
B5,Can buy can rent
B50,Can't buy can rent
B6,Can buy can rent
B60,Can't buy can rent
B61,Can't buy can rent
B62,Can't buy can rent
B63,Can buy can rent
B64,Can buy can rent
B65,Can buy can rent
B66,Can buy can rent
B67,Can buy can rent
B68,Can buy can rent
B69,Can buy can rent
B7,Can buy can't rent
B70,Can buy can rent
B71,Can buy can rent
B72,Can't buy can rent
B73,Can't buy can rent
B74,Can't buy can rent
B75,Can't buy can rent
B76,Can't buy can rent
B77,Can buy can rent
B78,Can't buy can rent
B79,Can't buy can rent
B8,Can buy can rent
B80,Can't buy can rent
B9,Can buy can rent
B90,Can't buy can rent
B91,Can't buy can rent
B92,Can't buy can rent
B93,Can't buy can rent
B94,Can't buy can rent
B95,Can't buy can rent
B96,Can't buy can rent
B97,Can't buy can rent
B98,Can buy can rent
BA1,Can't buy can't rent
BA10,Can't buy can rent
BA11,Can't buy can rent
BA12,Can't buy can rent
BA13,Can't buy can rent
BA14,Can't buy can rent
BA15,Can't buy can rent
BA16,Can't buy can rent
BA2,Can't buy can't rent
BA20,Can buy can rent
BA21,Can buy can rent
BA22,Can't buy can rent
BA3,Can't buy can rent
BA4,Can't buy can rent
BA5,Can't buy can rent
BA6,Can't buy can rent
BA7,Can't buy can rent
BA8,Can't buy can rent
BA9,Can't buy can rent
BB1,Can buy can rent
BB10,Can buy can rent
BB11,Can buy can rent
BB12,Can buy can rent
BB18,Can buy can rent
BB2,Can buy can rent
BB3,Can buy can rent
BB4,Can buy can rent
BB5,Can buy can rent
BB6,Can buy can rent
BB7,Can buy can rent
BB8,Can buy can rent
BB9,Can buy can rent
BD1,Can buy can rent
BD10,Can buy can rent
BD11,Can buy can rent
BD12,Can buy can rent
BD13,Can buy can rent
BD14,Can buy can rent
BD15,Can buy can rent
BD16,Can buy can rent
BD17,Can buy can rent
BD18,Can buy can rent
BD19,Can buy can rent
BD2,Can buy can rent
BD20,Can buy can rent
BD21,Can buy can rent
BD22,Can buy can rent
BD23,Can't buy can rent
BD24,Can't buy can rent
BD3,Can buy can rent
BD4,Can buy can rent
BD5,Can buy can rent
BD6,Can buy can rent
BD7,Can buy can rent
BD8,Can buy can rent
BD9,Can buy can rent
BH1,Can buy can rent
BH10,Can't buy can't rent
BH11,Can't buy can rent
BH12,Can't buy can rent
BH13,Can't buy can't rent
BH14,Can't buy can rent
BH15,Can't buy can rent
BH16,Can't buy can rent
BH17,Can't buy can rent
BH18,Can't buy can't rent
BH19,Can't buy can rent
BH2,Can buy can rent
BH20,Can't buy can rent
BH21,Can't buy can rent
BH22,Can't buy can rent
BH23,Can't buy can rent
BH24,Can't buy can rent
BH25,Can't buy can rent
BH3,Can't buy can rent
BH31,Can't buy can rent
BH4,Can't buy can rent
BH5,Can buy can rent
BH6,Can't buy can rent
BH7,Can't buy can rent
BH8,Can't buy can rent
BH9,Can't buy can't rent
BL0,Can't buy can rent
BL1,Can buy can rent
BL2,Can buy can rent
BL3,Can buy can rent
BL4,Can buy can rent
BL5,Can buy can rent
BL6,Can buy can rent
BL7,Can't buy can rent
BL8,Can buy can rent
BL9,Can buy can rent
BN1,Can't buy can rent
BN10,Can't buy can rent
BN11,Can buy can rent
BN12,Can't buy can rent
BN13,Can't buy can rent
BN14,Can't buy can rent
BN15,Can't buy can rent
BN16,Can't buy can rent
BN17,Can't buy can rent
BN18,Can't buy can rent
BN2,Can't buy can't rent
BN20,Can't buy can rent
BN21,Can buy can rent
BN22,Can't buy can rent
BN23,Can't buy can rent
BN24,Can't buy can rent
BN25,Can't buy can rent
BN26,Can't buy can rent
BN27,Can't buy can rent
BN3,Can't buy can rent
BN41,Can't buy can rent
BN42,Can't buy can rent
BN43,Can't buy can rent
BN44,Can't buy can rent
BN5,Can't buy can rent
BN6,Can't buy can rent
BN7,Can't buy can rent
BN8,Can't buy can rent
BN9,Can buy can rent
BR1,Can't buy can rent
BR2,Can't buy can rent
BR3,Can't buy can rent
BR4,Can't buy can rent
BR5,Can't buy can rent
BR6,Can't buy can't rent
BR7,Can't buy can't rent
BR8,Can't buy can rent
BS1,Can't buy can't rent
BS10,Can't buy can't rent
BS11,Can't buy can rent
BS13,Can't buy can rent
BS14,Can't buy can rent
BS15,Can't buy can rent
BS16,Can't buy can't rent
BS2,Can't buy can rent
BS20,Can't buy can rent
BS21,Can't buy can rent
BS22,Can't buy can rent
BS23,Can buy can rent
BS24,Can't buy can rent
BS25,Can't buy can rent
BS26,Can't buy can rent
BS27,Can't buy can rent
BS3,Can't buy can rent
BS30,Can't buy can rent
BS31,Can't buy can rent
BS32,Can't buy can rent
BS34,Can't buy can't rent
BS35,Can't buy can rent
BS36,Can't buy can't rent
BS37,Can't buy can rent
BS39,Can't buy can rent
BS4,Can't buy can rent
BS40,Can't buy can't rent
BS41,Can't buy can't rent
BS48,Can't buy can rent
BS49,Can't buy can rent
BS5,Can't buy can rent
BS6,Can't buy can't rent
BS7,Can't buy can't rent
BS8,Can't buy can't rent
BS9,Can't buy can't rent
CA1,Can buy can rent
CA10,Can't buy can rent
CA11,Can buy can rent
CA12,Can't buy can rent
CA13,Can buy can rent
CA14,Can buy can rent
CA15,Can buy can rent
CA16,Can buy can rent
CA17,Can't buy can rent
CA2,Can buy can rent
CA22,Can buy can rent
CA28,Can buy can rent
CA3,Can buy can rent
CA4,Can't buy can rent
CA5,Can't buy can rent
CA6,Can buy can rent
CA7,Can buy can rent
CA8,Can buy can rent
CB1,Can't buy can't rent
CB10,Can't buy can rent
CB11,Can't buy can rent
CB2,Can't buy can't rent
CB21,Can't buy can rent
CB22,Can't buy can rent
CB23,Can't buy can rent
CB24,Can't buy can rent
CB25,Can't buy can rent
CB3,Can't buy can't rent
CB4,Can't buy can rent
CB5,Can't buy can rent
CB6,Can't buy can rent
CB7,Can't buy can rent
CB8,Can't buy can rent
CB9,Can't buy can rent
CF10,Can buy can rent
CF11,Can buy can rent
CF14,Can't buy can rent
CF15,Can't buy can rent
CF23,Can't buy can rent
CF24,Can buy can't rent
CF3,Can buy can rent
CF31,Can buy can rent
CF32,Can buy can rent
CF33,Can buy can rent
CF34,Can buy can rent
CF35,Can't buy can rent
CF36,Can't buy can rent
CF37,Can buy can rent
CF38,Can buy can rent
CF39,Can buy can rent
CF40,Can buy can rent
CF41,Can buy can rent
CF42,Can buy can rent
CF43,Can buy can rent
CF44,Can buy can rent
CF45,Can buy can rent
CF46,Can buy can rent
CF47,Can buy can rent
CF48,Can buy can rent
CF5,Can't buy can rent
CF61,Can't buy can rent
CF62,Can't buy can rent
CF63,Can buy can rent
CF64,Can't buy can rent
CF71,Can't buy can rent
CF72,Can't buy can rent
CF81,Can buy can rent
CF82,Can buy can rent
CF83,Can buy can rent
CH1,Can buy can rent
CH2,Can't buy can rent
CH3,Can't buy can rent
CH4,Can't buy can rent
CH41,Can buy can rent
CH42,Can buy can rent
CH43,Can buy can rent
CH44,Can buy can rent
CH45,Can buy can rent
CH46,Can buy can rent
CH47,Can't buy can rent
CH48,Can't buy can rent
CH49,Can buy can rent
CH5,Can buy can rent
CH6,Can buy can rent
CH60,Can't buy can rent
CH61,Can't buy can rent
CH62,Can buy can rent
CH63,Can't buy can rent
CH64,Can't buy can rent
CH65,Can buy can rent
CH66,Can buy can rent
CH7,Can buy can rent
CH8,Can buy can rent
CM0,Can't buy can rent
CM1,Can't buy can rent
CM11,Can't buy can't rent
CM12,Can't buy can rent
CM13,Can't buy can rent
CM14,Can't buy can rent
CM15,Can't buy can't rent
CM16,Can't buy can't rent
CM17,Can't buy can rent
CM18,Can't buy can rent
CM19,Can't buy can rent
CM2,Can't buy can rent
CM20,Can't buy can rent
CM21,Can't buy can rent
CM22,Can't buy can't rent
CM23,Can't buy can rent
CM24,Can't buy can rent
CM3,Can't buy can rent
CM4,Can't buy can rent
CM5,Can't buy can't rent
CM6,Can't buy can rent
CM7,Can't buy can rent
CM77,Can't buy can rent
CM8,Can't buy can rent
CM9,Can't buy can rent
CO1,Can buy can rent
CO10,Can't buy can rent
CO11,Can't buy can rent
CO12,Can buy can rent
CO13,Can't buy can rent
CO14,Can buy can rent
CO15,Can buy can rent
CO16,Can't buy can rent
CO2,Can't buy can rent
CO3,Can't buy can rent
CO4,Can't buy can rent
CO5,Can't buy can rent
CO6,Can't buy can rent
CO7,Can't buy can rent
CO9,Can't buy can rent
CR0,Can't buy can rent
CR2,Can't buy can rent
CR3,Can't buy can rent
CR4,Can't buy can rent
CR5,Can't buy can rent
CR6,Can't buy can't rent
CR7,Can't buy can rent
CR8,Can't buy can rent
CT1,Can't buy can rent
CT10,Can't buy can rent
CT11,Can buy can rent
CT12,Can't buy can rent
CT13,Can't buy can rent
CT14,Can't buy can rent
CT15,Can't buy can rent
CT16,Can buy can rent
CT17,Can buy can rent
CT18,Can't buy can rent
CT19,Can buy can rent
CT2,Can't buy can rent
CT20,Can buy can rent
CT21,Can't buy can rent
CT3,Can't buy can rent
CT4,Can't buy can rent
CT5,Can't buy can rent
CT6,Can't buy can rent
CT7,Can't buy can rent
CT8,Can buy can rent
CT9,Can buy can rent
CV1,Can buy can rent
CV10,Can buy can rent
CV11,Can't buy can rent
CV12,Can buy can rent
CV13,Can't buy can rent
CV2,Can buy can rent
CV21,Can buy can rent
CV22,Can't buy can rent
CV23,Can't buy can rent
CV3,Can't buy can rent
CV31,Can't buy can't rent
CV32,Can't buy can rent
CV33,Can't buy can rent
CV34,Can't buy can rent
CV35,Can't buy can rent
CV36,Can't buy can rent
CV37,Can't buy can rent
CV4,Can buy can rent
CV47,Can't buy can rent
CV5,Can buy can rent
CV6,Can buy can rent
CV7,Can't buy can rent
CV8,Can't buy can rent
CV9,Can't buy can rent
CW1,Can buy can rent
CW10,Can buy can rent
CW11,Can't buy can rent
CW12,Can't buy can rent
CW2,Can buy can rent
CW3,Can't buy can rent
CW4,Can't buy can't rent
CW5,Can't buy can rent
CW6,Can't buy can rent
CW7,Can buy can rent
CW8,Can't buy can rent
CW9,Can buy can rent
DA1,Can't buy can rent
DA10,Can't buy can rent
DA11,Can buy can rent
DA12,Can't buy can rent
DA13,Can't buy can rent
DA14,Can't buy can rent
DA15,Can't buy can rent
DA16,Can't buy can rent
DA17,Can't buy can rent
DA18,Can buy can rent
DA2,Can't buy can rent
DA3,Can't buy can rent
DA4,Can't buy can rent
DA5,Can't buy can rent
DA6,Can't buy can rent
DA7,Can't buy can rent
DA8,Can't buy can rent
DA9,Can't buy can rent
DD1,Can buy can rent
DD10,Can buy can rent
DD11,Can buy can rent
DD2,Can buy can rent
DD3,Can buy can rent
DD4,Can buy can rent
DD5,Can buy can rent
DD6,Can buy can rent
DD7,Can buy can rent
DD8,Can buy can rent
DD9,Can buy can rent
DE1,Can buy can rent
DE11,Can buy can rent
DE12,Can't buy can rent
DE13,Can't buy can rent
DE14,Can buy can rent
DE15,Can buy can rent
DE21,Can buy can rent
DE22,Can buy can rent
DE23,Can buy can rent
DE24,Can buy can rent
DE3,Can't buy can rent
DE4,Can't buy can rent
DE45,Can't buy can rent
DE5,Can buy can rent
DE55,Can buy can rent
DE56,Can't buy can rent
DE6,Can't buy can rent
DE65,Can't buy can rent
DE7,Can buy can rent
DE72,Can't buy can rent
DE73,Can't buy can rent
DE74,Can't buy can rent
DE75,Can buy can rent
DG1,Can buy can rent
DG11,Can buy can rent
DG2,Can buy can rent
DH1,Can buy can rent
DH2,Can buy can rent
DH3,Can buy can rent
DH4,Can buy can rent
DH5,Can buy can rent
DH6,Can buy can rent
DH7,Can buy can rent
DH8,Can buy can rent
DH9,Can buy can rent
DL1,Can buy can rent
DL10,Can't buy can rent
DL11,Can't buy can rent
DL12,Can buy can rent
DL13,Can buy can rent
DL14,Can buy can rent
DL15,Can buy can rent
DL16,Can buy can rent
DL17,Can buy can rent
DL2,Can't buy can rent
DL3,Can buy can rent
DL4,Can buy can rent
DL5,Can buy can rent
DL6,Can buy can rent
DL7,Can't buy can rent
DL8,Can't buy can rent
DL9,Can buy can rent
DN1,Can buy can rent
DN10,Can't buy can rent
DN11,Can buy can rent
DN12,Can buy can rent
DN14,Can buy can rent
DN15,Can buy can rent
DN16,Can buy can rent
DN17,Can buy can rent
DN18,Can buy can rent
DN19,Can buy can rent
DN2,Can buy can rent
DN20,Can buy can rent
DN21,Can buy can rent
DN22,Can buy can rent
DN3,Can buy can rent
DN31,Can buy can rent
DN32,Can buy can rent
DN33,Can buy can rent
DN34,Can buy can rent
DN35,Can buy can rent
DN36,Can buy can rent
DN37,Can buy can rent
DN4,Can buy can rent
DN40,Can buy can rent
DN41,Can buy can rent
DN5,Can buy can rent
DN6,Can buy can rent
DN7,Can buy can rent
DN8,Can buy can rent
DN9,Can't buy can rent
DT1,Can't buy can rent
DT10,Can't buy can rent
DT11,Can't buy can rent
DT2,Can't buy can rent
DT3,Can't buy can rent
DT4,Can't buy can rent
DT5,Can buy can rent
DT6,Can't buy can rent
DT7,Can't buy can rent
DT8,Can't buy can rent
DT9,Can't buy can rent
DY1,Can buy can rent
DY10,Can buy can rent
DY11,Can buy can rent
DY12,Can't buy can rent
DY13,Can't buy can rent
DY14,Can't buy can rent
DY2,Can buy can rent
DY3,Can buy can rent
DY4,Can buy can rent
DY5,Can buy can rent
DY6,Can't buy can rent
DY7,Can't buy can rent
DY8,Can buy can rent
DY9,Can't buy can rent
E1,Can't buy can't rent
E10,Can't buy can rent
E11,Can't buy can rent
E12,Can't buy can't rent
E13,Can't buy can rent
E14,Can't buy can't rent
E15,Can't buy can't rent
E16,Can't buy can't rent
E17,Can't buy can't rent
E18,Can't buy can rent
E1W,Can't buy can't rent
E2,Can't buy can't rent
E20,Can't buy can't rent
E3,Can't buy can't rent
E4,Can't buy can rent
E5,Can't buy can't rent
E6,Can't buy can rent
E7,Can't buy can't rent
E8,Can't buy can't rent
E9,Can't buy can't rent
EC1A,Can't buy can't rent
EC1M,Can't buy can't rent
EC1N,Can't buy can't rent
EC1R,Can't buy can't rent
EC1V,Can't buy can't rent
EC1Y,Can't buy can't rent
EC2A,Can't buy can't rent
EC2Y,Can't buy can't rent
EC3R,Can't buy can't rent
EC4A,Can't buy can't rent
EC4V,Can't buy can't rent
EH1,Can't buy can't rent
EH10,Can't buy can rent
EH11,Can buy can rent
EH12,Can't buy can rent
EH13,Can buy can rent
EH14,Can buy can rent
EH15,Can buy can rent
EH16,Can buy can rent
EH17,Can't buy can rent
EH19,Can buy can rent
EH2,Can't buy can't rent
EH21,Can buy can rent
EH22,Can buy can rent
EH23,Can buy can rent
EH26,Can buy can rent
EH29,Can buy can rent
EH3,Can't buy can't rent
EH30,Can buy can rent
EH32,Can buy can rent
EH33,Can buy can rent
EH39,Can't buy can't rent
EH4,Can't buy can rent
EH41,Can't buy can rent
EH42,Can't buy can rent
EH45,Can buy can rent
EH47,Can buy can rent
EH48,Can buy can rent
EH49,Can buy can rent
EH5,Can buy can rent
EH51,Can buy can rent
EH52,Can buy can rent
EH54,Can buy can rent
EH6,Can buy can rent
EH7,Can buy can rent
EH8,Can buy can rent
EH9,Can't buy can't rent
EN1,Can't buy can rent
EN10,Can't buy can rent
EN11,Can't buy can rent
EN2,Can't buy can rent
EN3,Can't buy can rent
EN4,Can't buy can't rent
EN5,Can't buy can rent
EN6,Can't buy can't rent
EN7,Can't buy can rent
EN8,Can't buy can rent
EN9,Can't buy can rent
EX1,Can't buy can rent
EX10,Can't buy can rent
EX11,Can't buy can rent
EX12,Can't buy can rent
EX13,Can't buy can rent
EX14,Can't buy can rent
EX15,Can't buy can rent
EX16,Can't buy can rent
EX17,Can't buy can rent
EX18,Can't buy can rent
EX2,Can't buy can rent
EX20,Can't buy can rent
EX21,Can't buy can rent
EX22,Can't buy can rent
EX23,Can't buy can rent
EX3,Can't buy can rent
EX31,Can't buy can rent
EX32,Can't buy can rent
EX33,Can't buy can rent
EX34,Can't buy can rent
EX36,Can't buy can rent
EX38,Can't buy can rent
EX39,Can't buy can rent
EX4,Can't buy can rent
EX5,Can't buy can rent
EX6,Can't buy can rent
EX7,Can't buy can rent
EX8,Can't buy can rent
EX9,Can't buy can rent
FK1,Can buy can rent
FK10,Can buy can rent
FK12,Can buy can rent
FK13,Can buy can rent
FK14,Can't buy can rent
FK15,Can buy can rent
FK2,Can buy can rent
FK3,Can buy can rent
FK4,Can buy can rent
FK5,Can buy can rent
FK6,Can buy can rent
FK7,Can buy can rent
FK8,Can buy can rent
FK9,Can buy can rent
FY1,Can buy can rent
FY2,Can buy can rent
FY3,Can buy can rent
FY4,Can buy can rent
FY5,Can buy can rent
FY6,Can buy can rent
FY7,Can buy can rent
FY8,Can't buy can rent
G1,Can buy can rent
G11,Can buy can rent
G12,Can buy can rent
G13,Can buy can rent
G14,Can buy can rent
G2,Can buy can rent
G20,Can buy can rent
G21,Can buy can rent
G22,Can buy can rent
G23,Can buy can rent
G3,Can buy can rent
G31,Can buy can rent
G32,Can buy can rent
G33,Can buy can rent
G4,Can buy can rent
G40,Can buy can rent
G41,Can buy can rent
G42,Can buy can rent
G43,Can buy can rent
G44,Can buy can rent
G45,Can buy can rent
G46,Can buy can rent
G5,Can buy can rent
G51,Can buy can rent
G52,Can buy can rent
G53,Can buy can rent
G61,Can't buy can rent
G62,Can buy can rent
G63,Can't buy can rent
G64,Can buy can rent
G65,Can buy can rent
G66,Can buy can rent
G67,Can buy can rent
G68,Can buy can rent
G69,Can buy can rent
G71,Can buy can rent
G72,Can buy can rent
G73,Can buy can rent
G74,Can buy can rent
G75,Can buy can rent
G76,Can buy can rent
G77,Can't buy can rent
G78,Can buy can rent
G81,Can buy can rent
G82,Can buy can rent
G83,Can buy can rent
G84,Can buy can rent
GL1,Can buy can rent
GL10,Can't buy can rent
GL11,Can't buy can rent
GL12,Can't buy can rent
GL13,Can't buy can rent
GL14,Can't buy can rent
GL15,Can't buy can rent
GL16,Can't buy can rent
GL17,Can't buy can rent
GL18,Can't buy can rent
GL19,Can't buy can't rent
GL2,Can't buy can rent
GL20,Can't buy can rent
GL3,Can't buy can rent
GL4,Can't buy can rent
GL5,Can't buy can rent
GL50,Can't buy can rent
GL51,Can't buy can rent
GL52,Can't buy can rent
GL53,Can't buy can rent
GL54,Can't buy can't rent
GL55,Can't buy can't rent
GL56,Can't buy can rent
GL6,Can't buy can rent
GL7,Can't buy can rent
GL8,Can't buy can't rent
GL9,Can't buy can rent
GU1,Can't buy can rent
GU10,Can't buy can rent
GU11,Can buy can rent
GU12,Can't buy can rent
GU14,Can't buy can rent
GU15,Can't buy can rent
GU16,Can't buy can rent
GU17,Can't buy can rent
GU18,Can't buy can rent
GU19,Can't buy can rent
GU2,Can't buy can't rent
GU20,Can't buy can't rent
GU21,Can't buy can rent
GU22,Can't buy can rent
GU23,Can't buy can't rent
GU24,Can't buy can't rent
GU25,Can't buy can't rent
GU26,Can't buy can rent
GU27,Can't buy can rent
GU28,Can't buy can't rent
GU29,Can't buy can rent
GU3,Can't buy can't rent
GU30,Can't buy can rent
GU31,Can't buy can rent
GU32,Can't buy can rent
GU33,Can't buy can rent
GU34,Can't buy can rent
GU35,Can't buy can rent
GU4,Can't buy can rent
GU46,Can't buy can rent
GU47,Can't buy can rent
GU5,Can't buy can't rent
GU51,Can't buy can rent
GU52,Can't buy can rent
GU6,Can't buy can rent
GU7,Can't buy can rent
GU8,Can't buy can't rent
GU9,Can't buy can rent
HA0,Can't buy can rent
HA1,Can't buy can rent
HA2,Can't buy can rent
HA3,Can't buy can rent
HA4,Can't buy can rent
HA5,Can't buy can't rent
HA6,Can't buy can't rent
HA7,Can't buy can't rent
HA8,Can't buy can rent
HA9,Can't buy can't rent
HD1,Can buy can rent
HD2,Can buy can rent
HD3,Can buy can rent
HD4,Can buy can rent
HD5,Can buy can rent
HD6,Can buy can rent
HD7,Can buy can rent
HD8,Can't buy can rent
HD9,Can't buy can rent
HG1,Can't buy can rent
HG2,Can't buy can rent
HG3,Can't buy can rent
HG4,Can't buy can rent
HG5,Can't buy can rent
HP1,Can't buy can rent
HP10,Can't buy can rent
HP11,Can buy can rent
HP12,Can't buy can rent
HP13,Can't buy can rent
HP14,Can't buy can rent
HP15,Can't buy can rent
HP16,Can't buy can't rent
HP17,Can't buy can rent
HP18,Can't buy can rent
HP19,Can buy can rent
HP2,Can't buy can rent
HP20,Can buy can rent
HP21,Can't buy can rent
HP22,Can't buy can rent
HP23,Can't buy can rent
HP27,Can't buy can rent
HP3,Can't buy can rent
HP4,Can't buy can rent
HP5,Can't buy can rent
HP6,Can't buy can't rent
HP7,Can't buy can't rent
HP8,Can't buy can't rent
HP9,Can't buy can't rent
HR1,Can't buy can rent
HR2,Can't buy can rent
HR3,Can't buy can rent
HR4,Can't buy can rent
HR5,Can't buy can rent
HR6,Can't buy can rent
HR7,Can't buy can rent
HR8,Can't buy can rent
HR9,Can't buy can rent
HU1,Can buy can rent
HU10,Can't buy can rent
HU11,Can buy can rent
HU12,Can buy can rent
HU13,Can buy can rent
HU14,Can't buy can rent
HU15,Can buy can rent
HU16,Can buy can rent
HU17,Can buy can rent
HU18,Can buy can rent
HU19,Can buy can rent
HU2,Can buy can rent
HU3,Can buy can rent
HU4,Can buy can rent
HU5,Can buy can rent
HU6,Can buy can rent
HU7,Can buy can rent
HU8,Can buy can rent
HU9,Can buy can rent
HX1,Can buy can rent
HX2,Can buy can rent
HX3,Can buy can rent
HX4,Can buy can rent
HX5,Can buy can rent
HX6,Can buy can rent
HX7,Can buy can rent
IG1,Can't buy can rent
IG10,Can't buy can't rent
IG11,Can buy can rent
IG2,Can't buy can rent
IG3,Can't buy can rent
IG4,Can't buy can rent
IG5,Can't buy can rent
IG6,Can't buy can't rent
IG7,Can't buy can't rent
IG8,Can't buy can't rent
IG9,Can't buy can't rent
IP1,Can buy can rent
IP11,Can't buy can rent
IP12,Can't buy can rent
IP13,Can't buy can rent
IP14,Can't buy can rent
IP16,Can buy can rent
IP17,Can't buy can rent
IP18,Can't buy can rent
IP19,Can't buy can rent
IP2,Can buy can rent
IP20,Can't buy can rent
IP21,Can't buy can rent
IP22,Can't buy can rent
IP23,Can't buy can rent
IP24,Can buy can rent
IP25,Can buy can rent
IP26,Can't buy can rent
IP27,Can buy can rent
IP28,Can't buy can rent
IP29,Can't buy can rent
IP3,Can buy can rent
IP30,Can't buy can rent
IP31,Can't buy can rent
IP32,Can't buy can rent
IP33,Can't buy can rent
IP4,Can buy can rent
IP5,Can't buy can rent
IP6,Can't buy can rent
IP7,Can't buy can rent
IP8,Can't buy can rent
IP9,Can't buy can rent
IV12,Can buy can rent
IV15,Can buy can rent
IV2,Can buy can rent
IV3,Can buy can rent
IV30,Can buy can rent
IV31,Can buy can rent
IV36,Can buy can rent
KA1,Can buy can rent
KA10,Can buy can rent
KA11,Can buy can rent
KA12,Can buy can rent
KA13,Can buy can rent
KA18,Can buy can rent
KA19,Can buy can rent
KA20,Can buy can rent
KA21,Can buy can rent
KA22,Can buy can rent
KA24,Can buy can rent
KA25,Can buy can rent
KA26,Can buy can rent
KA3,Can buy can rent
KA30,Can buy can rent
KA4,Can buy can rent
KA5,Can buy can rent
KA6,Can buy can rent
KA7,Can buy can rent
KA8,Can buy can rent
KA9,Can buy can rent
KT1,Can't buy can't rent
KT10,Can't buy can't rent
KT11,Can't buy can't rent
KT12,Can't buy can rent
KT13,Can't buy can't rent
KT14,Can't buy can't rent
KT15,Can't buy can rent
KT16,Can't buy can rent
KT17,Can't buy can't rent
KT18,Can't buy can't rent
KT19,Can't buy can't rent
KT2,Can't buy can't rent
KT20,Can't buy can't rent
KT21,Can't buy can't rent
KT22,Can't buy can rent
KT23,Can't buy can rent
KT24,Can't buy can't rent
KT3,Can't buy can't rent
KT4,Can't buy can rent
KT5,Can't buy can rent
KT6,Can't buy can rent
KT7,Can't buy can't rent
KT8,Can't buy can't rent
KT9,Can't buy can rent
KW14,Can buy can rent
KY1,Can buy can rent
KY10,Can buy can rent
KY11,Can buy can rent
KY12,Can buy can rent
KY13,Can buy can rent
KY15,Can buy can rent
KY16,Can't buy can rent
KY2,Can buy can rent
KY3,Can buy can rent
KY4,Can buy can rent
KY5,Can buy can rent
KY6,Can buy can rent
KY7,Can buy can rent
KY8,Can buy can rent
L1,Can buy can rent
L10,Can buy can rent
L11,Can buy can rent
L12,Can buy can rent
L13,Can buy can rent
L14,Can buy can rent
L15,Can buy can rent
L16,Can't buy can rent
L17,Can buy can rent
L18,Can't buy can rent
L19,Can buy can rent
L2,Can buy can rent
L20,Can buy can rent
L21,Can buy can rent
L22,Can buy can rent
L23,Can't buy can rent
L24,Can buy can rent
L25,Can buy can rent
L26,Can buy can rent
L3,Can buy can rent
L30,Can buy can rent
L31,Can buy can rent
L32,Can buy can rent
L33,Can buy can rent
L34,Can buy can rent
L35,Can buy can rent
L36,Can buy can rent
L37,Can't buy can rent
L39,Can't buy can rent
L4,Can buy can rent
L40,Can't buy can rent
L5,Can buy can rent
L6,Can buy can rent
L7,Can buy can rent
L8,Can buy can rent
L9,Can buy can rent
LA1,Can buy can rent
LA11,Can't buy can rent
LA12,Can't buy can rent
LA13,Can buy can rent
LA14,Can buy can rent
LA15,Can buy can rent
LA18,Can buy can rent
LA2,Can't buy can rent
LA22,Can't buy can rent
LA23,Can't buy can rent
LA3,Can buy can rent
LA4,Can buy can rent
LA5,Can't buy can rent
LA6,Can't buy can rent
LA7,Can't buy can rent
LA8,Can't buy can rent
LA9,Can't buy can rent
LD1,Can't buy can rent
LD2,Can't buy can rent
LD3,Can't buy can rent
LD7,Can't buy can rent
LE1,Can buy can rent
LE10,Can't buy can rent
LE11,Can buy can rent
LE12,Can't buy can rent
LE13,Can buy can rent
LE14,Can't buy can rent
LE15,Can't buy can rent
LE16,Can't buy can rent
LE17,Can't buy can rent
LE18,Can't buy can rent
LE19,Can't buy can rent
LE2,Can buy can rent
LE3,Can buy can rent
LE4,Can't buy can rent
LE5,Can't buy can rent
LE6,Can't buy can rent
LE65,Can't buy can rent
LE67,Can't buy can rent
LE7,Can't buy can rent
LE8,Can't buy can rent
LE9,Can't buy can rent
LL11,Can buy can rent
LL12,Can't buy can rent
LL13,Can buy can rent
LL14,Can buy can rent
LL15,Can't buy can rent
LL16,Can buy can rent
LL17,Can't buy can rent
LL18,Can buy can rent
LL19,Can buy can rent
LL20,Can buy can rent
LL21,Can buy can rent
LL22,Can buy can rent
LL28,Can buy can rent
LL29,Can buy can rent
LL30,Can buy can rent
LL31,Can't buy can rent
LL32,Can't buy can rent
LL33,Can buy can rent
LL53,Can't buy can rent
LL55,Can buy can rent
LL56,Can buy can rent
LL57,Can buy can rent
LL59,Can't buy can rent
LL65,Can buy can rent
LL77,Can buy can rent
LN1,Can buy can rent
LN10,Can't buy can rent
LN11,Can buy can rent
LN12,Can buy can rent
LN13,Can't buy can rent
LN2,Can buy can rent
LN3,Can buy can rent
LN4,Can buy can rent
LN5,Can buy can rent
LN6,Can buy can rent
LN7,Can buy can rent
LN8,Can't buy can rent
LN9,Can buy can rent
LS1,Can buy can rent
LS10,Can buy can rent
LS11,Can buy can rent
LS12,Can buy can rent
LS13,Can buy can rent
LS14,Can buy can rent
LS15,Can't buy can rent
LS16,Can't buy can rent
LS17,Can't buy can rent
LS18,Can't buy can rent
LS19,Can't buy can rent
LS2,Can buy can rent
LS20,Can't buy can rent
LS21,Can't buy can rent
LS22,Can't buy can rent
LS23,Can't buy can rent
LS24,Can't buy can rent
LS25,Can't buy can rent
LS26,Can buy can rent
LS27,Can buy can rent
LS28,Can buy can rent
LS29,Can't buy can rent
LS3,Can buy can rent
LS4,Can buy can rent
LS5,Can buy can rent
LS6,Can't buy can't rent
LS7,Can buy can rent
LS8,Can't buy can rent
LS9,Can buy can rent
LU1,Can buy can rent
LU2,Can't buy can rent
LU3,Can't buy can rent
LU4,Can't buy can rent
LU5,Can't buy can rent
LU6,Can't buy can rent
LU7,Can't buy can rent
M1,Can't buy can rent
M11,Can buy can rent
M12,Can buy can rent
M13,Can't buy can rent
M14,Can buy can't rent
M15,Can't buy can rent
M16,Can buy can rent
M17,Can't buy can rent
M18,Can buy can rent
M19,Can buy can rent
M2,Can't buy can't rent
M20,Can't buy can rent
M21,Can't buy can rent
M22,Can buy can rent
M23,Can buy can rent
M24,Can buy can rent
M25,Can't buy can rent
M26,Can buy can rent
M27,Can buy can rent
M28,Can't buy can rent
M29,Can buy can rent
M3,Can buy can rent
M30,Can buy can rent
M31,Can buy can rent
M32,Can't buy can rent
M33,Can't buy can rent
M34,Can buy can rent
M35,Can buy can rent
M38,Can buy can rent
M4,Can't buy can rent
M40,Can buy can rent
M41,Can't buy can rent
M43,Can buy can rent
M44,Can buy can rent
M45,Can buy can rent
M46,Can buy can rent
M5,Can buy can rent
M50,Can buy can rent
M6,Can buy can rent
M7,Can buy can rent
M8,Can buy can rent
M9,Can buy can rent
ME1,Can't buy can rent
ME10,Can't buy can rent
ME12,Can buy can rent
ME13,Can't buy can rent
ME14,Can't buy can rent
ME15,Can't buy can rent
ME16,Can't buy can rent
ME17,Can't buy can rent
ME18,Can't buy can rent
ME19,Can't buy can rent
ME2,Can buy can rent
ME20,Can't buy can rent
ME3,Can't buy can rent
ME4,Can buy can rent
ME5,Can buy can rent
ME6,Can't buy can rent
ME7,Can buy can rent
ME8,Can't buy can rent
ME9,Can't buy can rent
MK10,Can't buy can rent
MK11,Can't buy can rent
MK12,Can buy can rent
MK13,Can buy can rent
MK14,Can't buy can rent
MK15,Can't buy can rent
MK16,Can't buy can rent
MK17,Can't buy can rent
MK18,Can't buy can rent
MK19,Can't buy can rent
MK2,Can buy can rent
MK3,Can't buy can rent
MK4,Can't buy can rent
MK40,Can't buy can rent
MK41,Can't buy can rent
MK42,Can't buy can rent
MK43,Can't buy can rent
MK44,Can't buy can rent
MK45,Can't buy can rent
MK46,Can't buy can rent
MK5,Can't buy can rent
MK6,Can buy can rent
MK7,Can't buy can rent
MK8,Can't buy can rent
MK9,Can buy can rent
ML1,Can buy can rent
ML10,Can buy can rent
ML11,Can buy can rent
ML12,Can buy can rent
ML2,Can buy can rent
ML3,Can buy can rent
ML4,Can buy can rent
ML5,Can buy can rent
ML6,Can buy can rent
ML7,Can buy can rent
ML8,Can buy can rent
ML9,Can buy can rent
N1,Can't buy can't rent
N10,Can't buy can't rent
N11,Can't buy can't rent
N12,Can't buy can rent
N13,Can't buy can rent
N14,Can't buy can't rent
N15,Can't buy can rent
N16,Can't buy can't rent
N17,Can't buy can rent
N18,Can't buy can rent
N19,Can't buy can't rent
N1C,Can't buy can't rent
N2,Can't buy can't rent
N20,Can't buy can't rent
N21,Can't buy can rent
N22,Can't buy can rent
N3,Can't buy can't rent
N4,Can't buy can't rent
N5,Can't buy can't rent
N6,Can't buy can't rent
N7,Can't buy can't rent
N8,Can't buy can't rent
N9,Can't buy can rent
NE1,Can buy can rent
NE10,Can buy can rent
NE11,Can buy can rent
NE12,Can buy can rent
NE13,Can buy can rent
NE15,Can buy can rent
NE16,Can buy can rent
NE17,Can buy can rent
NE2,Can't buy can't rent
NE20,Can't buy can rent
NE21,Can buy can rent
NE22,Can buy can rent
NE23,Can buy can rent
NE24,Can buy can rent
NE25,Can buy can rent
NE26,Can't buy can rent
NE27,Can buy can rent
NE28,Can buy can rent
NE29,Can buy can rent
NE3,Can buy can rent
NE30,Can't buy can rent
NE31,Can buy can rent
NE32,Can buy can rent
NE33,Can buy can rent
NE34,Can buy can rent
NE37,Can buy can rent
NE38,Can buy can rent
NE39,Can buy can rent
NE4,Can buy can rent
NE40,Can buy can rent
NE42,Can buy can rent
NE45,Can't buy can rent
NE46,Can't buy can rent
NE47,Can't buy can rent
NE5,Can buy can rent
NE6,Can buy can rent
NE61,Can buy can rent
NE62,Can buy can rent
NE63,Can buy can rent
NE64,Can buy can rent
NE65,Can buy can rent
NE66,Can't buy can rent
NE7,Can buy can rent
NE8,Can buy can rent
NE9,Can buy can rent
NG1,Can buy can rent
NG10,Can buy can rent
NG11,Can buy can rent
NG12,Can't buy can rent
NG13,Can't buy can rent
NG14,Can't buy can rent
NG15,Can buy can rent
NG16,Can buy can rent
NG17,Can buy can rent
NG18,Can buy can rent
NG19,Can buy can rent
NG2,Can't buy can rent
NG20,Can buy can rent
NG21,Can buy can rent
NG22,Can buy can rent
NG23,Can't buy can rent
NG24,Can buy can rent
NG25,Can't buy can rent
NG3,Can buy can rent
NG31,Can buy can rent
NG32,Can't buy can rent
NG33,Can't buy can rent
NG34,Can buy can rent
NG4,Can buy can rent
NG5,Can buy can rent
NG6,Can buy can rent
NG7,Can buy can rent
NG8,Can buy can rent
NG9,Can't buy can rent
NN1,Can buy can rent
NN10,Can't buy can rent
NN11,Can't buy can rent
NN12,Can't buy can rent
NN13,Can't buy can rent
NN14,Can't buy can rent
NN15,Can't buy can rent
NN16,Can buy can rent
NN17,Can buy can rent
NN18,Can buy can rent
NN2,Can buy can rent
NN29,Can't buy can rent
NN3,Can't buy can rent
NN4,Can't buy can rent
NN5,Can buy can rent
NN6,Can't buy can rent
NN7,Can't buy can rent
NN8,Can't buy can rent
NN9,Can't buy can rent
NP10,Can't buy can rent
NP11,Can buy can rent
NP12,Can buy can rent
NP13,Can buy can rent
NP15,Can't buy can rent
NP16,Can't buy can rent
NP18,Can't buy can rent
NP19,Can buy can rent
NP20,Can buy can rent
NP22,Can buy can rent
NP23,Can buy can rent
NP24,Can buy can rent
NP25,Can't buy can rent
NP26,Can't buy can rent
NP4,Can buy can rent
NP44,Can buy can rent
NP7,Can't buy can rent
NR1,Can buy can rent
NR10,Can't buy can rent
NR11,Can't buy can rent
NR12,Can't buy can rent
NR13,Can't buy can rent
NR14,Can't buy can rent
NR15,Can't buy can rent
NR16,Can't buy can rent
NR17,Can't buy can rent
NR18,Can't buy can rent
NR19,Can buy can rent
NR2,Can buy can rent
NR20,Can't buy can rent
NR21,Can't buy can rent
NR24,Can't buy can rent
NR25,Can't buy can rent
NR26,Can't buy can rent
NR27,Can't buy can rent
NR28,Can't buy can rent
NR29,Can't buy can rent
NR3,Can buy can rent
NR30,Can buy can rent
NR31,Can buy can rent
NR32,Can buy can rent
NR33,Can buy can rent
NR34,Can't buy can rent
NR35,Can't buy can rent
NR4,Can't buy can't rent
NR5,Can buy can't rent
NR6,Can't buy can rent
NR7,Can't buy can rent
NR8,Can't buy can rent
NR9,Can't buy can rent
NW1,Can't buy can't rent
NW10,Can't buy can't rent
NW11,Can't buy can't rent
NW2,Can't buy can't rent
NW3,Can't buy can't rent
NW4,Can't buy can't rent
NW5,Can't buy can't rent
NW6,Can't buy can't rent
NW7,Can't buy can't rent
NW8,Can't buy can't rent
NW9,Can't buy can't rent
OL1,Can buy can rent
OL10,Can buy can rent
OL11,Can buy can rent
OL12,Can buy can rent
OL13,Can buy can rent
OL14,Can buy can rent
OL15,Can buy can rent
OL16,Can buy can rent
OL2,Can buy can rent
OL3,Can't buy can rent
OL4,Can buy can rent
OL5,Can buy can rent
OL6,Can buy can rent
OL7,Can buy can rent
OL8,Can buy can rent
OL9,Can buy can rent
OX1,Can't buy can't rent
OX10,Can't buy can rent
OX11,Can't buy can rent
OX12,Can't buy can rent
OX13,Can't buy can't rent
OX14,Can't buy can rent
OX15,Can't buy can rent
OX16,Can buy can rent
OX17,Can't buy can rent
OX18,Can't buy can rent
OX2,Can't buy can't rent
OX20,Can't buy can rent
OX25,Can't buy can rent
OX26,Can't buy can rent
OX27,Can't buy can rent
OX28,Can't buy can rent
OX29,Can't buy can rent
OX3,Can't buy can't rent
OX33,Can't buy can rent
OX39,Can't buy can rent
OX4,Can't buy can't rent
OX44,Can't buy can rent
OX49,Can't buy can rent
OX5,Can't buy can rent
OX7,Can't buy can rent
OX9,Can't buy can rent
PA1,Can buy can rent
PA11,Can buy can rent
PA13,Can't buy can rent
PA14,Can buy can rent
PA15,Can buy can rent
PA16,Can buy can rent
PA19,Can buy can rent
PA2,Can buy can rent
PA23,Can buy can rent
PA28,Can buy can rent
PA3,Can buy can rent
PA34,Can buy can rent
PA4,Can buy can rent
PA5,Can buy can rent
PA6,Can't buy can rent
PA8,Can buy can rent
PE1,Can buy can rent
PE10,Can't buy can rent
PE11,Can buy can rent
PE12,Can't buy can rent
PE13,Can buy can rent
PE14,Can't buy can rent
PE15,Can buy can rent
PE16,Can buy can rent
PE19,Can't buy can rent
PE2,Can buy can rent
PE20,Can buy can rent
PE21,Can buy can rent
PE22,Can't buy can rent
PE23,Can't buy can rent
PE24,Can buy can rent
PE25,Can buy can rent
PE26,Can't buy can rent
PE27,Can't buy can rent
PE28,Can't buy can rent
PE29,Can't buy can rent
PE3,Can buy can rent
PE30,Can buy can rent
PE31,Can't buy can rent
PE32,Can't buy can rent
PE33,Can't buy can rent
PE34,Can't buy can rent
PE36,Can't buy can rent
PE37,Can buy can rent
PE38,Can't buy can rent
PE4,Can buy can rent
PE6,Can't buy can rent
PE7,Can't buy can rent
PE8,Can't buy can rent
PE9,Can't buy can rent
PH1,Can buy can rent
PH10,Can buy can rent
PH2,Can buy can rent
PH3,Can't buy can rent
PH7,Can buy can rent
PL1,Can buy can rent
PL10,Can't buy can rent
PL11,Can buy can rent
PL12,Can't buy can rent
PL13,Can't buy can rent
PL14,Can buy can rent
PL15,Can't buy can rent
PL17,Can't buy can rent
PL18,Can't buy can rent
PL19,Can't buy can rent
PL2,Can buy can rent
PL20,Can't buy can rent
PL21,Can't buy can rent
PL22,Can't buy can rent
PL24,Can't buy can rent
PL25,Can't buy can rent
PL26,Can't buy can rent
PL27,Can't buy can rent
PL28,Can't buy can rent
PL3,Can buy can rent
PL30,Can't buy can rent
PL31,Can buy can rent
PL4,Can buy can rent
PL5,Can buy can rent
PL6,Can buy can rent
PL7,Can buy can rent
PL8,Can't buy can rent
PL9,Can't buy can rent
PO1,Can buy can rent
PO10,Can't buy can rent
PO11,Can't buy can rent
PO12,Can buy can rent
PO13,Can buy can rent
PO14,Can't buy can rent
PO15,Can't buy can rent
PO16,Can't buy can rent
PO17,Can't buy can rent
PO18,Can't buy can rent
PO19,Can't buy can rent
PO2,Can buy can rent
PO20,Can't buy can rent
PO21,Can't buy can rent
PO22,Can't buy can rent
PO3,Can buy can rent
PO30,Can buy can rent
PO31,Can't buy can rent
PO32,Can buy can rent
PO33,Can buy can rent
PO35,Can't buy can rent
PO36,Can buy can rent
PO37,Can buy can rent
PO38,Can't buy can rent
PO4,Can buy can rent
PO40,Can't buy can rent
PO41,Can't buy can rent
PO5,Can buy can rent
PO6,Can't buy can rent
PO7,Can't buy can rent
PO8,Can't buy can rent
PO9,Can't buy can rent
PR1,Can buy can rent
PR2,Can buy can rent
PR25,Can buy can rent
PR26,Can't buy can rent
PR3,Can't buy can rent
PR4,Can't buy can rent
PR5,Can buy can rent
PR6,Can buy can rent
PR7,Can buy can rent
PR8,Can buy can rent
PR9,Can buy can rent
RG1,Can buy can rent
RG10,Can't buy can rent
RG12,Can't buy can rent
RG14,Can't buy can rent
RG17,Can't buy can rent
RG18,Can't buy can rent
RG19,Can't buy can rent
RG2,Can't buy can rent
RG20,Can't buy can rent
RG21,Can buy can rent
RG22,Can't buy can rent
RG23,Can't buy can rent
RG24,Can't buy can rent
RG25,Can't buy can rent
RG26,Can't buy can rent
RG27,Can't buy can rent
RG28,Can't buy can rent
RG29,Can't buy can rent
RG30,Can't buy can rent
RG31,Can't buy can rent
RG4,Can't buy can rent
RG40,Can't buy can rent
RG41,Can't buy can rent
RG42,Can't buy can rent
RG45,Can't buy can rent
RG5,Can't buy can rent
RG6,Can't buy can't rent
RG7,Can't buy can rent
RG8,Can't buy can rent
RG9,Can't buy can't rent
RH1,Can't buy can rent
RH10,Can't buy can rent
RH11,Can't buy can rent
RH12,Can't buy can rent
RH13,Can't buy can rent
RH14,Can't buy can rent
RH15,Can't buy can rent
RH16,Can't buy can rent
RH17,Can't buy can rent
RH18,Can't buy can't rent
RH19,Can't buy can rent
RH2,Can't buy can rent
RH20,Can't buy can rent
RH4,Can't buy can rent
RH5,Can't buy can rent
RH6,Can't buy can rent
RH7,Can't buy can rent
RH8,Can't buy can rent
RH9,Can't buy can't rent
RM1,Can't buy can rent
RM10,Can't buy can rent
RM11,Can't buy can rent
RM12,Can't buy can rent
RM13,Can't buy can rent
RM14,Can't buy can rent
RM15,Can't buy can rent
RM16,Can't buy can rent
RM17,Can't buy can rent
RM18,Can't buy can rent
RM19,Can buy can rent
RM2,Can't buy can rent
RM20,Can buy can rent
RM3,Can't buy can rent
RM4,Can't buy can't rent
RM5,Can't buy can rent
RM6,Can't buy can rent
RM7,Can't buy can rent
RM8,Can't buy can rent
RM9,Can't buy can rent
S1,Can buy can rent
S10,Can't buy can rent
S11,Can't buy can rent
S12,Can buy can rent
S13,Can buy can rent
S14,Can buy can rent
S17,Can't buy can rent
S18,Can't buy can rent
S2,Can buy can rent
S20,Can buy can rent
S21,Can buy can rent
S25,Can buy can rent
S26,Can buy can rent
S3,Can buy can rent
S32,Can't buy can rent
S35,Can buy can rent
S36,Can buy can rent
S4,Can buy can rent
S40,Can buy can rent
S41,Can buy can rent
S42,Can buy can rent
S43,Can buy can rent
S44,Can buy can rent
S45,Can buy can rent
S5,Can buy can rent
S6,Can buy can rent
S60,Can buy can rent
S61,Can buy can rent
S62,Can buy can rent
S63,Can buy can rent
S64,Can buy can rent
S65,Can buy can rent
S66,Can buy can rent
S7,Can't buy can rent
S70,Can buy can rent
S71,Can buy can rent
S72,Can buy can rent
S73,Can buy can rent
S74,Can buy can rent
S75,Can buy can rent
S8,Can buy can rent
S80,Can buy can rent
S81,Can buy can rent
S9,Can buy can rent
SA1,Can buy can rent
SA10,Can buy can rent
SA11,Can buy can rent
SA12,Can buy can rent
SA13,Can buy can rent
SA14,Can buy can rent
SA15,Can buy can rent
SA16,Can buy can rent
SA17,Can buy can rent
SA18,Can buy can rent
SA19,Can't buy can rent
SA2,Can buy can rent
SA3,Can't buy can rent
SA31,Can buy can rent
SA32,Can't buy can rent
SA33,Can't buy can rent
SA34,Can't buy can rent
SA4,Can buy can rent
SA44,Can't buy can rent
SA5,Can buy can rent
SA6,Can buy can rent
SA61,Can buy can rent
SA62,Can't buy can rent
SA67,Can't buy can rent
SA7,Can buy can rent
SA70,Can't buy can rent
SA71,Can buy can rent
SA72,Can buy can rent
SA73,Can buy can rent
SA8,Can buy can rent
SA9,Can buy can rent
SE1,Can't buy can't rent
SE10,Can't buy can't rent
SE11,Can't buy can't rent
SE12,Can't buy can rent
SE13,Can't buy can rent
SE14,Can't buy can rent
SE15,Can't buy can't rent
SE16,Can't buy can't rent
SE17,Can't buy can't rent
SE18,Can't buy can't rent
SE19,Can't buy can rent
SE2,Can't buy can rent
SE20,Can't buy can rent
SE21,Can't buy can't rent
SE22,Can't buy can't rent
SE23,Can't buy can rent
SE24,Can't buy can't rent
SE25,Can't buy can rent
SE26,Can't buy can rent
SE27,Can't buy can rent
SE28,Can buy can rent
SE3,Can't buy can't rent
SE4,Can't buy can rent
SE5,Can't buy can't rent
SE6,Can't buy can rent
SE7,Can't buy can rent
SE8,Can't buy can't rent
SE9,Can't buy can rent
SG1,Can't buy can rent
SG11,Can't buy can rent
SG12,Can't buy can rent
SG13,Can't buy can rent
SG14,Can't buy can rent
SG15,Can't buy can rent
SG16,Can't buy can rent
SG17,Can't buy can rent
SG18,Can't buy can rent
SG19,Can't buy can rent
SG2,Can't buy can rent
SG3,Can't buy can rent
SG4,Can't buy can rent
SG5,Can't buy can rent
SG6,Can't buy can rent
SG7,Can't buy can rent
SG8,Can't buy can rent
SG9,Can't buy can't rent
SK1,Can buy can rent
SK10,Can't buy can rent
SK11,Can buy can rent
SK12,Can't buy can rent
SK13,Can buy can rent
SK14,Can buy can rent
SK15,Can buy can rent
SK16,Can buy can rent
SK17,Can't buy can rent
SK2,Can't buy can rent
SK22,Can't buy can rent
SK23,Can't buy can rent
SK3,Can buy can rent
SK4,Can't buy can rent
SK5,Can buy can rent
SK6,Can't buy can rent
SK7,Can't buy can rent
SK8,Can't buy can rent
SK9,Can't buy can rent
SL0,Can't buy can't rent
SL1,Can't buy can rent
SL2,Can't buy can rent
SL3,Can't buy can rent
SL4,Can't buy can't rent
SL5,Can't buy can't rent
SL6,Can't buy can rent
SL7,Can't buy can't rent
SL8,Can't buy can rent
SL9,Can't buy can't rent
SM1,Can't buy can rent
SM2,Can't buy can rent
SM3,Can't buy can rent
SM4,Can't buy can rent
SM5,Can't buy can rent
SM6,Can't buy can rent
SM7,Can't buy can't rent
SN1,Can buy can rent
SN10,Can't buy can rent
SN11,Can't buy can rent
SN12,Can't buy can rent
SN13,Can't buy can rent
SN14,Can't buy can rent
SN15,Can't buy can rent
SN16,Can't buy can rent
SN2,Can buy can rent
SN25,Can't buy can rent
SN3,Can't buy can rent
SN4,Can't buy can rent
SN5,Can't buy can rent
SN6,Can't buy can rent
SN7,Can't buy can rent
SN8,Can't buy can rent
SN9,Can't buy can rent
SO14,Can buy can rent
SO15,Can buy can rent
SO16,Can buy can rent
SO17,Can buy can't rent
SO18,Can buy can rent
SO19,Can buy can rent
SO20,Can't buy can rent
SO21,Can't buy can rent
SO22,Can't buy can't rent
SO23,Can't buy can rent
SO24,Can't buy can rent
SO30,Can't buy can rent
SO31,Can't buy can rent
SO32,Can't buy can rent
SO40,Can't buy can rent
SO41,Can't buy can rent
SO42,Can't buy can't rent
SO43,Can't buy can rent
SO45,Can't buy can rent
SO50,Can't buy can rent
SO51,Can't buy can rent
SO52,Can't buy can rent
SO53,Can't buy can rent
SP1,Can't buy can rent
SP10,Can buy can rent
SP11,Can't buy can rent
SP2,Can't buy can rent
SP3,Can't buy can rent
SP4,Can't buy can rent
SP5,Can't buy can rent
SP6,Can't buy can rent
SP7,Can't buy can rent
SP8,Can't buy can rent
SP9,Can't buy can rent
SR1,Can buy can rent
SR2,Can buy can rent
SR3,Can buy can rent
SR4,Can buy can rent
SR5,Can buy can rent
SR6,Can buy can rent
SR7,Can buy can rent
SR8,Can buy can rent
SS0,Can't buy can rent
SS1,Can't buy can rent
SS11,Can't buy can rent
SS12,Can't buy can rent
SS13,Can't buy can rent
SS14,Can't buy can rent
SS15,Can't buy can rent
SS16,Can't buy can rent
SS17,Can't buy can rent
SS2,Can't buy can rent
SS3,Can't buy can rent
SS4,Can't buy can rent
SS5,Can't buy can rent
SS6,Can't buy can rent
SS7,Can't buy can rent
SS8,Can't buy can rent
SS9,Can't buy can rent
ST1,Can buy can rent
ST10,Can buy can rent
ST11,Can buy can rent
ST13,Can buy can rent
ST14,Can't buy can rent
ST15,Can't buy can rent
ST16,Can buy can rent
ST17,Can't buy can rent
ST18,Can't buy can rent
ST19,Can't buy can rent
ST2,Can buy can rent
ST20,Can't buy can rent
ST21,Can't buy can rent
ST3,Can buy can rent
ST4,Can buy can rent
ST5,Can buy can rent
ST6,Can buy can rent
ST7,Can buy can rent
ST8,Can buy can rent
ST9,Can't buy can rent
SW10,Can't buy can't rent
SW11,Can't buy can't rent
SW12,Can't buy can't rent
SW13,Can't buy can't rent
SW14,Can't buy can't rent
SW15,Can't buy can't rent
SW16,Can't buy can rent
SW17,Can't buy can't rent
SW18,Can't buy can't rent
SW19,Can't buy can't rent
SW1A,Can't buy can't rent
SW1E,Can't buy can't rent
SW1H,Can't buy can't rent
SW1P,Can't buy can't rent
SW1V,Can't buy can't rent
SW1W,Can't buy can't rent
SW1X,Can't buy can't rent
SW1Y,Can't buy can't rent
SW2,Can't buy can't rent
SW20,Can't buy can't rent
SW3,Can't buy can't rent
SW4,Can't buy can't rent
SW5,Can't buy can't rent
SW6,Can't buy can't rent
SW7,Can't buy can't rent
SW8,Can't buy can't rent
SW9,Can't buy can't rent
SY1,Can buy can rent
SY10,Can't buy can rent
SY11,Can buy can rent
SY12,Can't buy can rent
SY13,Can't buy can rent
SY14,Can't buy can rent
SY16,Can buy can rent
SY18,Can buy can rent
SY2,Can't buy can rent
SY21,Can buy can rent
SY22,Can't buy can rent
SY23,Can't buy can rent
SY3,Can't buy can rent
SY4,Can't buy can rent
SY5,Can't buy can rent
SY6,Can't buy can rent
SY7,Can't buy can rent
SY8,Can't buy can rent
TA1,Can't buy can rent
TA10,Can't buy can rent
TA11,Can't buy can rent
TA12,Can't buy can rent
TA13,Can't buy can rent
TA18,Can buy can rent
TA19,Can't buy can rent
TA2,Can't buy can rent
TA20,Can't buy can rent
TA21,Can't buy can rent
TA23,Can't buy can rent
TA24,Can't buy can rent
TA3,Can't buy can rent
TA4,Can't buy can rent
TA5,Can't buy can rent
TA6,Can buy can rent
TA7,Can't buy can rent
TA8,Can't buy can rent
TA9,Can't buy can rent
TD1,Can buy can rent
TD15,Can buy can rent
TD5,Can buy can rent
TD6,Can buy can rent
TD9,Can buy can rent
TF1,Can buy can rent
TF10,Can't buy can rent
TF11,Can't buy can rent
TF12,Can't buy can rent
TF13,Can't buy can rent
TF2,Can buy can rent
TF3,Can buy can rent
TF4,Can buy can rent
TF5,Can't buy can rent
TF6,Can't buy can rent
TF7,Can buy can rent
TF8,Can't buy can rent
TF9,Can't buy can rent
TN1,Can't buy can rent
TN10,Can't buy can rent
TN11,Can't buy can't rent
TN12,Can't buy can rent
TN13,Can't buy can't rent
TN14,Can't buy can rent
TN15,Can't buy can't rent
TN16,Can't buy can't rent
TN17,Can't buy can rent
TN18,Can't buy can rent
TN2,Can't buy can rent
TN20,Can't buy can rent
TN21,Can't buy can rent
TN22,Can't buy can rent
TN23,Can't buy can rent
TN24,Can't buy can rent
TN25,Can't buy can rent
TN26,Can't buy can rent
TN27,Can't buy can rent
TN28,Can't buy can rent
TN29,Can't buy can rent
TN3,Can't buy can't rent
TN30,Can't buy can rent
TN31,Can't buy can rent
TN32,Can't buy can rent
TN33,Can't buy can rent
TN34,Can't buy can rent
TN35,Can't buy can rent
TN37,Can buy can rent
TN38,Can buy can rent
TN39,Can't buy can rent
TN4,Can't buy can rent
TN40,Can buy can rent
TN5,Can't buy can't rent
TN6,Can't buy can rent
TN8,Can't buy can rent
TN9,Can't buy can rent
TQ1,Can buy can rent
TQ11,Can buy can rent
TQ12,Can't buy can rent
TQ13,Can't buy can rent
TQ14,Can't buy can rent
TQ2,Can't buy can rent
TQ3,Can't buy can rent
TQ4,Can't buy can rent
TQ5,Can't buy can rent
TQ6,Can't buy can rent
TQ7,Can't buy can rent
TQ9,Can't buy can rent
TR1,Can't buy can rent
TR10,Can't buy can rent
TR11,Can't buy can't rent
TR12,Can't buy can rent
TR13,Can't buy can rent
TR14,Can buy can rent
TR15,Can buy can rent
TR16,Can't buy can rent
TR18,Can't buy can rent
TR19,Can't buy can rent
TR2,Can't buy can rent
TR20,Can't buy can rent
TR26,Can't buy can rent
TR27,Can't buy can rent
TR3,Can't buy can rent
TR4,Can't buy can rent
TR5,Can't buy can rent
TR6,Can't buy can rent
TR7,Can't buy can rent
TR8,Can't buy can rent
TR9,Can't buy can rent
TS1,Can buy can rent
TS10,Can buy can rent
TS11,Can buy can rent
TS12,Can buy can rent
TS13,Can buy can rent
TS14,Can buy can rent
TS15,Can't buy can rent
TS16,Can buy can rent
TS17,Can buy can rent
TS18,Can buy can rent
TS19,Can buy can rent
TS20,Can buy can rent
TS21,Can buy can rent
TS22,Can't buy can rent
TS23,Can buy can rent
TS24,Can buy can rent
TS25,Can buy can rent
TS26,Can buy can rent
TS27,Can buy can rent
TS28,Can buy can rent
TS29,Can buy can rent
TS3,Can buy can rent
TS4,Can buy can rent
TS5,Can buy can rent
TS6,Can buy can rent
TS7,Can buy can rent
TS8,Can buy can rent
TS9,Can't buy can rent
TW1,Can't buy can't rent
TW10,Can't buy can't rent
TW11,Can't buy can't rent
TW12,Can't buy can rent
TW13,Can't buy can rent
TW14,Can't buy can rent
TW15,Can't buy can rent
TW16,Can't buy can rent
TW17,Can't buy can rent
TW18,Can't buy can rent
TW19,Can't buy can rent
TW2,Can't buy can't rent
TW20,Can't buy can't rent
TW3,Can't buy can rent
TW4,Can't buy can rent
TW5,Can't buy can rent
TW7,Can't buy can rent
TW8,Can't buy can't rent
TW9,Can't buy can't rent
UB1,Can't buy can rent
UB10,Can't buy can rent
UB2,Can't buy can't rent
UB3,Can't buy can rent
UB4,Can't buy can rent
UB5,Can't buy can rent
UB6,Can't buy can rent
UB7,Can't buy can rent
UB8,Can't buy can rent
UB9,Can't buy can't rent
W10,Can't buy can't rent
W11,Can't buy can't rent
W12,Can't buy can't rent
W13,Can't buy can't rent
W14,Can't buy can't rent
W1B,Can't buy can't rent
W1D,Can't buy can't rent
W1F,Can't buy can't rent
W1G,Can't buy can't rent
W1H,Can't buy can't rent
W1J,Can't buy can't rent
W1K,Can't buy can't rent
W1S,Can't buy can't rent
W1T,Can't buy can't rent
W1U,Can't buy can't rent
W1W,Can't buy can't rent
W2,Can't buy can't rent
W3,Can't buy can't rent
W4,Can't buy can't rent
W5,Can't buy can't rent
W6,Can't buy can't rent
W7,Can't buy can rent
W8,Can't buy can't rent
W9,Can't buy can't rent
WA1,Can buy can rent
WA10,Can buy can rent
WA11,Can buy can rent
WA12,Can buy can rent
WA13,Can't buy can rent
WA14,Can't buy can rent
WA15,Can't buy can't rent
WA16,Can't buy can rent
WA2,Can buy can rent
WA3,Can buy can rent
WA4,Can't buy can rent
WA5,Can buy can rent
WA6,Can't buy can rent
WA7,Can buy can rent
WA8,Can buy can rent
WA9,Can buy can rent
WC1A,Can't buy can't rent
WC1B,Can't buy can't rent
WC1E,Can't buy can't rent
WC1H,Can't buy can't rent
WC1N,Can't buy can't rent
WC1R,Can't buy can't rent
WC1X,Can't buy can't rent
WC2A,Can't buy can't rent
WC2B,Can't buy can't rent
WC2E,Can't buy can't rent
WC2H,Can't buy can't rent
WC2N,Can't buy can't rent
WC2R,Can't buy can't rent
WD17,Can't buy can rent
WD18,Can't buy can rent
WD19,Can't buy can't rent
WD23,Can't buy can't rent
WD24,Can't buy can rent
WD25,Can't buy can't rent
WD3,Can't buy can't rent
WD4,Can't buy can rent
WD5,Can't buy can rent
WD6,Can't buy can't rent
WD7,Can't buy can't rent
WF1,Can buy can rent
WF10,Can buy can rent
WF11,Can buy can rent
WF12,Can buy can rent
WF13,Can buy can rent
WF14,Can buy can rent
WF15,Can buy can rent
WF16,Can buy can rent
WF17,Can buy can rent
WF2,Can buy can rent
WF3,Can buy can rent
WF4,Can buy can rent
WF5,Can buy can rent
WF6,Can buy can rent
WF7,Can buy can rent
WF8,Can buy can rent
WF9,Can buy can rent
WN1,Can buy can rent
WN2,Can buy can rent
WN3,Can buy can rent
WN4,Can buy can rent
WN5,Can buy can rent
WN6,Can buy can rent
WN7,Can buy can rent
WN8,Can buy can rent
WR1,Can buy can rent
WR10,Can't buy can rent
WR11,Can't buy can rent
WR12,Can't buy can rent
WR13,Can't buy can rent
WR14,Can't buy can rent
WR15,Can't buy can rent
WR2,Can't buy can rent
WR3,Can't buy can rent
WR4,Can buy can rent
WR5,Can't buy can rent
WR6,Can't buy can rent
WR7,Can't buy can rent
WR8,Can't buy can rent
WR9,Can't buy can rent
WS1,Can buy can rent
WS10,Can buy can rent
WS11,Can buy can rent
WS12,Can buy can rent
WS13,Can't buy can rent
WS14,Can't buy can rent
WS15,Can't buy can rent
WS2,Can buy can rent
WS3,Can buy can rent
WS4,Can buy can rent
WS5,Can't buy can rent
WS6,Can buy can rent
WS7,Can buy can rent
WS8,Can buy can rent
WS9,Can't buy can rent
WV1,Can buy can rent
WV10,Can buy can rent
WV11,Can buy can rent
WV12,Can buy can rent
WV13,Can buy can rent
WV14,Can buy can rent
WV15,Can't buy can rent
WV16,Can't buy can rent
WV2,Can buy can rent
WV3,Can't buy can rent
WV4,Can buy can rent
WV5,Can't buy can rent
WV6,Can't buy can rent
WV7,Can't buy can rent
WV8,Can't buy can rent
WV9,Can buy can rent
YO1,Can't buy can rent
YO10,Can't buy can't rent
YO11,Can buy can rent
YO12,Can't buy can't rent
YO13,Can't buy can't rent
YO14,Can't buy can't rent
YO15,Can't buy can rent
YO16,Can't buy can rent
YO17,Can't buy can't rent
YO18,Can't buy can't rent
YO19,Can't buy can't rent
YO21,Can't buy can't rent
YO22,Can't buy can't rent
YO23,Can't buy can't rent
YO24,Can't buy can't rent
YO25,Can't buy can't rent
YO26,Can't buy can't rent
YO30,Can't buy can't rent
YO31,Can't buy can't rent
YO32,Can't buy can't rent
YO41,Can't buy can't rent
YO42,Can't buy can't rent
YO43,Can't buy can't rent
YO51,Can't buy can't rent
YO60,Can't buy can't rent
YO61,Can't buy can't rent
YO62,Can't buy can't rent
YO7,Can't buy can't rent
YO8,Can't buy can't rent